{
  "name": "bootstrap-fileinput",
  "version": "4.4.6",
  "homepage": "https://github.com/kartik-v/bootstrap-fileinput",
  "authors": [
    "Kartik Visweswaran <kartikv2@gmail.com>"
  ],
  "description": "An enhanced HTML 5 file input for Bootstrap 3.x with file preview, multiple selection, ajax uploads, and more features.",
  "main": [
    "./css/fileinput.min.css",
    "./js/fileinput.min.js"
  ],
  "keywords": [
    "bootstrap",
    "file",
    "input",
    "preview",
    "image",
    "upload",
    "ajax",
    "multiple",
    "delete",
    "progress",
    "gallery"
  ],
  "dependencies": {
    "jquery": ">= 1.9.0",
    "bootstrap": ">= 3.0.0"
  },
  "license": "BSD-3-Clause",
  "ignore": [
    "**/.*",
    "node_modules",
    "composer.json",
    "examples",
    "bower_components",
    "test",
    "tests"
  ],
  "_release": "4.4.6",
  "_resolution": {
    "type": "version",
    "tag": "v4.4.6",
    "commit": "0014931de1fd466f3901efcb45198c985d999c3d"
  },
  "_source": "https://github.com/kartik-v/bootstrap-fileinput.git",
  "_target": "^4.4.3",
  "_originalSource": "bootstrap-fileinput"
}